panel,stage,cohort,n,mean_seconds,p95_seconds,minimum_seconds,maximum_seconds
a,skeletonization_seconds,all available historical records,5000,0.052274445848289136,0.08565950774063821,0.0194274159730412,0.240981750015635
b,graph_extraction_seconds,all available historical records,5000,0.008936261935898753,0.013711891658022012,0.004668791021686,0.2984011250082403
c,contract_short_edges_seconds,all available historical records,4900,0.024214014986919535,0.039311695823562316,0.0126969579723663,0.1836549169966019
d,remove_leaf_nodes_seconds,all available historical records,4900,6.572524712857554e-05,0.00012683718523474001,2.154201501980424e-05,0.0030825000139884
e,simplify_edges_seconds,all available historical records,4900,0.01264999040375145,0.02042661807790862,0.0065715420059859,0.1256673749885521
f,smooth_edges_seconds,all available historical records,4900,0.01343247544566849,0.021311406505992583,0.0066686670179478,0.6374371669953689
g,projection_selection_seconds,all available historical records,5000,0.030997587301412523,0.0630760899006418,0.0081153329992957,0.298382249999122
h,knottedgraph_yamada_seconds,same completed and matched diagrams,3491,0.0005715492374603902,0.0014591669987566499,0.0001301250013057,0.0137949160016432
i,topoly_yamada_seconds,same completed and matched diagrams,3491,3.6348641902337375,10.794457104000685,0.0004223749965603,449.2821096249973
